,0,1
0,Wawa,"22530 Three Notch Rd Lexington Park, MD 20653"
1,Super Mega Dilla,"22530 Three Notch Rd Lexington Park, MD 20653"
2,Jimmy John's,"46320 Lexington Village Way Ste 300 Lexington Park, MD 20653"
3,Mezeh,"45000 St Andrews Church Rd Bldg 5 Unit A California, MD 20619"
4,Applebee's Grill + Bar,"45480 Miramar Way California, MD 20619"
5,Hunan Wok,"21600 Great Mills Rd Ste 6 Lexington Park, MD 20653"
6,Maryland Way,"155 Holiday Dr Solomons, MD 20688"
7,Neighborhood Wings,"155 Holiday Dr Solomons, MD 20688"
8,Chipotle Mexican Grill,"22720 Three Notch Rd Lexington Park, MD 20653"
9,ACE Sushi At California Giant,"45101 First Colony Blvd California, MD 20619"
10,Isaac's Restaurant & Pub,"155 Holiday Dr Solomons, MD 20688"
11,Boomerangs Original Ribs,"13820 Solomons Island Rd Solomons, MD 20688"
12,Wildewood Village Caterers,"23154 Wetstone Ln California, MD 20619"
13,McDonald's,"Three Notch Road Old Rolling Rd California, MD 20619"
14,Sonic Drive-In,"46350 Lexington Village Way Lexington Park, MD 20653"
15,Jamira Smith,"22593 Three Notch Rd California, MD 20619"
16,Firehouse Subs,"22755 Maple Rd Lexington Park, MD 20653"
17,Bird Dog Bistro,"44200 Airport Rd Hollywood, MD 20636"
18,Early Bird Restaurant,"23791 Mervell Dean Rd Hollywood, MD 20636"
19,Wendy's,"45460 Miramar Way California, MD 20619"
20,Nicolletti's Pizza,"22741 Three Notch Rd California, MD 20619"
21,TenderFix by Noah Schnapp,"22741 Three Notch Rd California, MD 20619"
22,Five Guys,"45250-B Worth Ave California, MD 20619"
23,The Ice Cream Place,"14448 Solomons Island Rd S Solomons, MD 20688"
24,Roy Rogers,"14000 H G Trueman Rd Solomons, MD 20688"
25,Noodles & Company,"46360 Lexington Village Way Lexington Park, MD 20653"
26,Mission BBQ,"22599 MacArthur Blvd Ste 136C California, MD 20619"
27,Bob Evans,"45144 First Colony Way California, MD 20619"
28,Jerry's Subs and Pizza,"13962 Solomons Island Rd. S Solomons Island, MD 20688"
29,Buffalo Wild Wings,"46370 Lexington Village Way Lexington Park, MD 20653"
30,The Beanery Cafe & Bakery,"22741 Three Notch Rd California, MD 20619"
31,Thai Inter,"22576 Macarthur Blvd Ste 336 California, MD 20619"
32,Thai Inter,"22576 Macarthur Blvd Ste 336 California, MD 20619"
33,Thai Inter,"22576 Macarthur Blvd Ste 336 California, MD 20619"
34,Thai Inter,"22576 Macarthur Blvd Ste 336 California, MD 20619"
35,Thai Inter,"22576 Macarthur Blvd Ste 336 California, MD 20619"
36,Thai Inter,"22576 Macarthur Blvd Ste 336 California, MD 20619"
37,Thai Inter,"22576 Macarthur Blvd Ste 336 California, MD 20619"
38,Thai Inter,"22576 Macarthur Blvd Ste 336 California, MD 20619"
39,Thai Inter,"22576 Macarthur Blvd Ste 336 California, MD 20619"
40,Thai Inter,"22576 Macarthur Blvd Ste 336 California, MD 20619"
41,Thai Inter,"22576 Macarthur Blvd Ste 336 California, MD 20619"
42,Thai Inter,"22576 Macarthur Blvd Ste 336 California, MD 20619"
43,Thai Inter,"22576 Macarthur Blvd Ste 336 California, MD 20619"
44,Thai Inter,"22576 Macarthur Blvd Ste 336 California, MD 20619"
45,Thai Inter,"22576 Macarthur Blvd Ste 336 California, MD 20619"
46,Thai Inter,"22576 Macarthur Blvd Ste 336 California, MD 20619"
47,Thai Inter,"22576 Macarthur Blvd Ste 336 California, MD 20619"
48,Thai Inter,"22576 Macarthur Blvd Ste 336 California, MD 20619"
